,Nummer,Lid,Opsomming niveau 1,Opsomming niveau 2,Opsomming niveau 3,Zin,Brontekst,Versie,jci 1.3,tags,verbs
0,Artikel1,,,,,,In deze beleidsregel wordt verstaan onder:,22-04-2020,jci1.3:c:BWBR0043324&artikel=1&z=2020-04-22&g=2020-04-22,"[['VP', ('In', 'VB')], ['NP', ('deze', 'PRP'), ('beleidsregel', 'NN')], ['VP', ('wordt', 'MD'), ('verstaan', 'VB'), ('onder', 'RP')]]","{'innen': 'In', 'verstaan': 'verstaan'}"
1,Artikel1,Onderdeel_1,,,,,"verordening (EU) nr. 1407/2013 van de Commissie van 18december 2013 betreffende de toepassing van de artikelen 107 en 108 van het Verdrag betreffende de werking van de Europese Unie op de-minimissteun (PbEU 2013, L 352);algemene de-minimisverordening:",22-04-2020,jci1.3:c:BWBR0043324&artikel=1&z=2020-04-22&g=2020-04-22,"[['NP', ('verordening', 'NN')], ['NP', ('EU', 'NN')], ['ADJP', ('nr', 'JJR')], ['PP', ('van', 'IN')], ['NP', ('de', 'DT'), ('Commissie', 'NNP')], ['PP', ('van', 'IN')], ['NP', ('18december', 'NNP')], ['VP', ('betreffende', 'VBG')], ['NP', ('de', 'DT'), ('toepassing', 'NN')], ['PP', ('van', 'IN')], ['NP', ('de', 'DT'), ('artikelen', 'NNS')], ['PP', ('van', 'IN')], ['NP', ('het', 'DT'), ('Verdrag', 'NNP')], ['VP', ('betreffende', 'VBG')], ['NP', ('de', 'DT'), ('werking', 'NN')], ['PP', ('van', 'IN')], ['NP', ('de', 'DT'), ('Europese', 'JJ'), ('Unie', 'NNP')], ['PP', ('op', 'IN')], ['NP', ('de-minimissteun', 'NN')], ['NP', ('PbEU', 'NN')], ['NP', ('L', 'NN'), ('352);algemene', 'CD'), ('de-minimisverordening', 'NN')]]",{'betreffennen': 'betreffende'}
2,Artikel1,Onderdeel_2,,,,,"onderneming die op 15maart 2020 stond ingeschreven in het handelsregister onder de code 47.81.1, 47.81.9, 47.82, 47.89.1, 47.89.2, 47.89.9, 49.39.1, 49.32, 50.30, 85.53 of 93.21.2 van de Standaard Bedrijfsindeling;ambulante onderneming:",22-04-2020,jci1.3:c:BWBR0043324&artikel=1&z=2020-04-22&g=2020-04-22,"[['NP', ('onderneming', 'NN'), ('die', 'PRP')], ['PP', ('op', 'IN')], ['VP', ('stond', 'VBD'), ('ingeschreven', 'VBN')], ['PP', ('in', 'IN')], ['NP', ('het', 'DT'), ('handelsregister', 'NN')], ['PP', ('onder', 'IN')], ['NP', ('de', 'DT'), ('code', 'NN')], ['PP', ('van', 'IN')], ['NP', ('de', 'DT'), ('Standaard', 'NNP')], ['NP', ('Bedrijfsindeling;ambulante', 'JJ'), ('onderneming', 'NN')]]","{'staan': 'stond', 'inschrijven': 'ingeschreven'}"
3,Artikel1,Onderdeel_3,,,,,"gedupeerde onderneming die op 15maart 2020 stond ingeschreven in het handelsregister onder een hoofdactiviteit die in de tabellen 1a, 1b of 1c van  is opgenomen, met de daarbij behorende code van de Standaard Bedrijfsindeling;bijlage 1direct gedupeerde onderneming:",22-04-2020,jci1.3:c:BWBR0043324&artikel=1&z=2020-04-22&g=2020-04-22,"[['VP', ('gedupeerde', 'VBN')], ['NP', ('onderneming', 'NN'), ('die', 'PRP')], ['PP', ('op', 'IN')], ['VP', ('stond', 'VBD'), ('ingeschreven', 'VBN')], ['PP', ('in', 'IN')], ['NP', ('het', 'DT'), ('handelsregister', 'NN')], ['PP', ('onder', 'IN')], ['NP', ('een', 'DT'), ('hoofdactiviteit', 'NN'), ('die', 'PRP')], ['PP', ('in', 'IN')], ['NP', ('de', 'DT'), ('tabellen', 'NNS')], ['PP', ('van', 'IN')], ['VP', ('is', 'MD'), ('opgenomen', 'VBN')], ['PP', ('met', 'IN')], ['VP', ('daarbij', 'RB'), ('behorende', 'VBG')], ['NP', ('code', 'NN')], ['PP', ('van', 'IN')], ['NP', ('de', 'DT'), ('Standaard', 'NNP'), ('Bedrijfsindeling;bijlage', 'NN')], ['VP', ('gedupeerde', 'VBN')], ['NP', ('onderneming', 'NN')]]","{'geduperen': 'gedupeerde', 'staan': 'stond', 'inschrijven': 'ingeschreven', 'opnemen': 'opgenomen', 'behorennen': 'behorende'}"
4,Artikel1,Onderdeel_4,,,,,"gedupeerde onderneming die op 15maart 2020 voor wat betreft de hoofdactiviteit van de onderneming stond ingeschreven in het handelsregister onder een code, vallende onder de hoofdcode 01 van de Standaard Bedrijfsindeling, en tevens met een nevenactiviteit onder de code 55.20.1, 55.20.2, 55.30 of 93.29.9 van de Standaard Bedrijfsindeling;gedupeerde agrarische recreatieonderneming:",22-04-2020,jci1.3:c:BWBR0043324&artikel=1&z=2020-04-22&g=2020-04-22,"[['VP', ('gedupeerde', 'VBN')], ['NP', ('onderneming', 'NN'), ('die', 'PRP')], ['PP', ('op', 'IN')], ['PP', ('voor', 'IN')], ['NP', ('wat', 'PRP')], ['VP', ('betreft', 'VBZ')], ['NP', ('de', 'DT'), ('hoofdactiviteit', 'NN')], ['PP', ('van', 'IN')], ['NP', ('de', 'DT'), ('onderneming', 'NN')], ['VP', ('stond', 'VBD'), ('ingeschreven', 'VBN')], ['PP', ('in', 'IN')], ['NP', ('het', 'DT'), ('handelsregister', 'NN')], ['PP', ('onder', 'IN')], ['NP', ('een', 'DT'), ('code', 'NN')], ['VP', ('vallende', 'VBG')], ['PP', ('onder', 'IN')], ['NP', ('de', 'DT'), ('hoofdcode', 'NN')], ['PP', ('van', 'IN')], ['NP', ('de', 'DT'), ('Standaard', 'NNP'), ('Bedrijfsindeling', 'NNP')], ['ADVP', ('tevens', 'RB')], ['PP', ('met', 'IN')], ['NP', ('een', 'DT'), ('nevenactiviteit', 'NN')], ['PP', ('onder', 'IN')], ['NP', ('de', 'DT'), ('code', 'NN')], ['PP', ('van', 'IN')], ['NP', ('de', 'DT'), ('Standaard', 'NNP'), ('Bedrijfsindeling;gedupeerde', 'NN')], ['NP', ('agrarische', 'JJ'), ('recreatieonderneming', 'NN')]]","{'geduperen': 'gedupeerde', 'betreffen': 'betreft', 'staan': 'stond', 'inschrijven': 'ingeschreven', 'vallennen': 'vallende'}"
5,Artikel1,Onderdeel_5,,,,,"in Nederland gevestigde onderneming als bedoeld in , niet zijnde een overheidsbedrijf:artikel 5 van de Handelsregisterwet 2007gedupeerde onderneming:",22-04-2020,jci1.3:c:BWBR0043324&artikel=1&z=2020-04-22&g=2020-04-22,"[['PP', ('in', 'IN')], ['NP', ('Nederland', 'NNP')], ['VP', ('gevestigde', 'VBN')], ['NP', ('onderneming', 'NN')], ['VP', ('bedoeld', 'VBN'), ('in', 'RP')], ['VP', ('zijnde', 'MD')], ['NP', ('een', 'DT'), ('overheidsbedrijf:artikel', 'NN')], ['PP', ('van', 'IN')], ['NP', ('de', 'DT'), ('Handelsregisterwet', 'NNP')], ['NP', ('2007gedupeerde', 'CD'), ('onderneming', 'NN')]]","{'gevestigen': 'gevestigde', 'bedoelen': 'bedoeld'}"
6,Artikel1,Onderdeel_5,Onderdeela,,,,"die op 15maart 2020 in het handelsregister stond ingeschreven onder een hoofdactiviteit die in  is opgenomen, met de daarbij behorende code van de Standaard Bedrijfsindeling, en zoals in voorkomend geval nader geclausuleerd;bijlage 1",22-04-2020,jci1.3:c:BWBR0043324&artikel=1&o=a&z=2020-04-22&g=2020-04-22,"[['NP', ('die', 'PRP')], ['PP', ('op', 'IN')], ['PP', ('in', 'IN')], ['NP', ('het', 'DT'), ('handelsregister', 'NN')], ['VP', ('stond', 'VBD'), ('ingeschreven', 'VBN')], ['PP', ('onder', 'IN')], ['NP', ('een', 'DT'), ('hoofdactiviteit', 'NN'), ('die', 'PRP')], ['PP', ('in', 'IN')], ['VP', ('is', 'MD'), ('opgenomen', 'VBN')], ['PP', ('met', 'IN')], ['VP', ('daarbij', 'RB'), ('behorende', 'VBG')], ['NP', ('code', 'NN')], ['PP', ('van', 'IN')], ['NP', ('de', 'DT'), ('Standaard', 'NNP'), ('Bedrijfsindeling', 'NNP')], ['NP', ('zoals', 'PRP')], ['PP', ('in', 'IN')], ['VP', ('voorkomend', 'VBG')], ['NP', ('geval', 'JJ'), ('nader', 'JJ'), ('geclausuleerd;bijlage', 'NN')]]","{'staan': 'stond', 'inschrijven': 'ingeschreven', 'opnemen': 'opgenomen', 'behorennen': 'behorende', 'voorkomen': 'voorkomend'}"
7,Artikel1,Onderdeel_5,Onderdeelb,,,,"waar ten hoogste 250 personen werkzaam zijn, blijkend uit de inschrijving in het handelsregister op 15maart 2020; en",22-04-2020,jci1.3:c:BWBR0043324&artikel=1&o=b&z=2020-04-22&g=2020-04-22,"[['ADVP', ('waar', 'RB')], ['PP', ('ten', 'IN')], ['ADJP', ('hoogste', 'JJS')], ['NP', ('250', 'CD'), ('personen', 'NNS')], ['ADJP', ('werkzaam', 'JJ')], ['VP', ('zijn', 'MD')], ['VP', ('blijkend', 'VBG')], ['PP', ('uit', 'IN')], ['NP', ('de', 'DT'), ('inschrijving', 'NN')], ['PP', ('in', 'IN')], ['NP', ('het', 'DT'), ('handelsregister', 'NN')], ['PP', ('op', 'IN')]]",{'blijken': 'blijkend'}
8,Artikel1,Onderdeel_5,Onderdeelc,,,,die:,22-04-2020,jci1.3:c:BWBR0043324&artikel=1&o=c&z=2020-04-22&g=2020-04-22,"[['NP', ('die', 'PRP')]]",{}
9,Artikel1,Onderdeel_5,Onderdeelc,Onderdeel1,,,"voor zover het een onderneming, niet zijnde een horecaonderneming of een ambulante onderneming, betreft:",22-04-2020,jci1.3:c:BWBR0043324&artikel=1&o=c&o=1&z=2020-04-22&g=2020-04-22,"[['PP', ('voor', 'IN')], ['ADVP', ('zover', 'RB')], ['NP', ('het', 'PRP')], ['NP', ('een', 'DT'), ('onderneming', 'NN')], ['VP', ('zijnde', 'MD')], ['NP', ('een', 'DT'), ('horecaonderneming', 'NN')], ['NP', ('een', 'DT'), ('ambulante', 'JJ'), ('onderneming', 'NN')], ['VP', ('betreft', 'VBZ')]]",{'betreffen': 'betreft'}
10,Artikel1,Onderdeel_5,Onderdeelc,Onderdeel1,Onderdeel._1,,ten minste n vestiging heeft met een ander adres dan het privadres van de eigenaar of eigenaren van de onderneming; of,22-04-2020,jci1.3:c:BWBR0043324&artikel=1&o=c&o=1&z=2020-04-22&g=2020-04-22,"[['PP', ('ten', 'IN')], ['NP', ('minste', 'NN'), ('n', 'NN'), ('vestiging', 'NN')], ['VP', ('heeft', 'VBZ')], ['PP', ('met', 'IN')], ['NP', ('een', 'DT'), ('ander', 'PRP'), ('adres', 'NN')], ['ADVP', ('dan', 'RB')], ['NP', ('het', 'DT'), ('privadres', 'NN')], ['PP', ('van', 'IN')], ['NP', ('de', 'DT'), ('eigenaar', 'NN')], ['NP', ('eigenaren', 'NNS')], ['PP', ('van', 'IN')], ['NP', ('de', 'DT'), ('onderneming', 'NN')]]",{'hebben': 'heeft'}
11,Artikel1,Onderdeel_5,Onderdeelc,Onderdeel1,Onderdeel._2,,een vestiging heeft die fysiek afgescheiden is van de privwoning van de eigenaar of eigenaren van de onderneming en voorzien is van een eigen opgang of toegang; of,22-04-2020,jci1.3:c:BWBR0043324&artikel=1&o=c&o=1&z=2020-04-22&g=2020-04-22,"[['NP', ('een', 'DT'), ('vestiging', 'NN')], ['VP', ('heeft', 'MD')], ['NP', ('die', 'PRP'), ('fysiek', 'NN')], ['VP', ('afgescheiden', 'VBN')], ['VP', ('is', 'MD')], ['PP', ('van', 'IN')], ['NP', ('de', 'DT'), ('privwoning', 'NN')], ['PP', ('van', 'IN')], ['NP', ('de', 'DT'), ('eigenaar', 'NN')], ['NP', ('eigenaren', 'NNS')], ['PP', ('van', 'IN')], ['NP', ('de', 'DT'), ('onderneming', 'NN')], ['VP', ('voorzien', 'VBP')], ['VP', ('is', 'MD')], ['PP', ('van', 'IN')], ['NP', ('een', 'DT'), ('eigen', 'PRP'), ('opgang', 'NN')], ['VP', ('toegang', 'VBN')]]","{'afscheiden': 'afgescheiden', 'voorzien': 'voorzien', 'toegangen': 'toegang'}"
12,Artikel1,Onderdeel_5,Onderdeelc,Onderdeel2,,,"voor zover het een horecaonderneming betreft ten minste n horecagelegenheid huurt, pacht of in eigendom heeft;",22-04-2020,jci1.3:c:BWBR0043324&artikel=1&o=c&o=2&z=2020-04-22&g=2020-04-22,"[['PP', ('voor', 'IN')], ['ADVP', ('zover', 'RB')], ['NP', ('het', 'PRP')], ['NP', ('een', 'DT'), ('horecaonderneming', 'NN')], ['VP', ('betreft', 'VBZ')], ['PP', ('ten', 'IN')], ['NP', ('minste', 'NN'), ('n', 'NN'), ('horecagelegenheid', 'NN')], ['VP', ('huurt', 'VBZ')], ['NP', ('pacht', 'NN')], ['PP', ('in', 'IN')], ['NP', ('eigendom', 'NN')], ['VP', ('heeft', 'MD')]]","{'betreffen': 'betreft', 'huren': 'huurt'}"
13,Artikel1,Onderdeel_6,,,,,"gedupeerde onderneming die op 15maart 2020 stond ingeschreven in het handelsregister onder een hoofdactiviteit die in tabel 2 van  is opgenomen, met de daarbij behorende code van de Standaard Bedrijfsindeling;bijlage 1gedupeerde onderneming in de toeleveringsketen:",22-04-2020,jci1.3:c:BWBR0043324&artikel=1&z=2020-04-22&g=2020-04-22,"[['VP', ('gedupeerde', 'VBN')], ['NP', ('onderneming', 'NN'), ('die', 'PRP')], ['PP', ('op', 'IN')], ['VP', ('stond', 'VBD'), ('ingeschreven', 'VBN')], ['PP', ('in', 'IN')], ['NP', ('het', 'DT'), ('handelsregister', 'NN')], ['PP', ('onder', 'IN')], ['NP', ('een', 'DT'), ('hoofdactiviteit', 'NN'), ('die', 'PRP')], ['PP', ('in', 'IN')], ['NP', ('tabel', 'NN')], ['PP', ('van', 'IN')], ['VP', ('is', 'MD'), ('opgenomen', 'VBN')], ['PP', ('met', 'IN')], ['VP', ('daarbij', 'RB'), ('behorende', 'VBG')], ['NP', ('code', 'NN')], ['PP', ('van', 'IN')], ['NP', ('de', 'DT'), ('Standaard', 'NNP'), ('Bedrijfsindeling;bijlage', 'NN')], ['VP', ('1gedupeerde', 'VBD')], ['NP', ('onderneming', 'NN')], ['PP', ('in', 'IN')], ['NP', ('de', 'DT'), ('toeleveringsketen', 'NNS')]]","{'geduperen': 'gedupeerde', 'staan': 'stond', 'inschrijven': 'ingeschreven', 'opnemen': 'opgenomen', 'behorennen': 'behorende', '1geduperen': '1gedupeerde'}"
14,Artikel1,Onderdeel_7,,,,,"gedupeerde onderneming die op 15maart 2020 stond ingeschreven in het handelsregister onder een hoofdactiviteit die in tabel 3 van  is opgenomen, met de daarbij behorende code van de Standaard Bedrijfsindeling, en zoals in voorkomend geval nader geclausuleerd;bijlage 1gedupeerde zorgonderneming:",22-04-2020,jci1.3:c:BWBR0043324&artikel=1&z=2020-04-22&g=2020-04-22,"[['VP', ('gedupeerde', 'VBN')], ['NP', ('onderneming', 'NN'), ('die', 'PRP')], ['PP', ('op', 'IN')], ['VP', ('stond', 'VBD'), ('ingeschreven', 'VBN')], ['PP', ('in', 'IN')], ['NP', ('het', 'DT'), ('handelsregister', 'NN')], ['PP', ('onder', 'IN')], ['NP', ('een', 'DT'), ('hoofdactiviteit', 'NN'), ('die', 'PRP')], ['PP', ('in', 'IN')], ['NP', ('tabel', 'NN')], ['PP', ('van', 'IN')], ['VP', ('is', 'MD'), ('opgenomen', 'VBN')], ['PP', ('met', 'IN')], ['VP', ('daarbij', 'RB'), ('behorende', 'VBG')], ['NP', ('code', 'NN')], ['PP', ('van', 'IN')], ['NP', ('de', 'DT'), ('Standaard', 'NNP'), ('Bedrijfsindeling', 'NNP')], ['NP', ('zoals', 'PRP')], ['PP', ('in', 'IN')], ['VP', ('voorkomend', 'VBG')], ['NP', ('geval', 'JJ'), ('nader', 'JJ'), ('geclausuleerd;bijlage', 'NN')], ['VP', ('1gedupeerde', 'VBD')], ['NP', ('zorgonderneming', 'NN')]]","{'geduperen': 'gedupeerde', 'staan': 'stond', 'inschrijven': 'ingeschreven', 'opnemen': 'opgenomen', 'behorennen': 'behorende', 'voorkomen': 'voorkomend', '1geduperen': '1gedupeerde'}"
15,Artikel1,Onderdeel_8,,,,,handelsregister als bedoeld in ;artikel 2 van de Handelsregisterwet 2007handelsregister:,22-04-2020,jci1.3:c:BWBR0043324&artikel=1&z=2020-04-22&g=2020-04-22,"[['NP', ('handelsregister', 'NN')], ['VP', ('bedoeld', 'VBN')], ['PP', ('in', 'IN')], ['NP', ('artikel', 'NN')], ['PP', ('van', 'IN')], ['NP', ('de', 'DT'), ('Handelsregisterwet', 'NNP')]]",{'bedoelen': 'bedoeld'}
16,Artikel1,Onderdeel_9,,,,,"onderneming die op 15maart 2020 stond ingeschreven in het handelsregister onder de code 56.10.1, 56.10.2 of 56.30 van de Standaard Bedrijfsindeling;horecaonderneming:",22-04-2020,jci1.3:c:BWBR0043324&artikel=1&z=2020-04-22&g=2020-04-22,"[['NP', ('onderneming', 'NN'), ('die', 'PRP')], ['PP', ('op', 'IN')], ['VP', ('stond', 'VBD'), ('ingeschreven', 'VBN')], ['PP', ('in', 'IN')], ['NP', ('het', 'DT'), ('handelsregister', 'NN')], ['PP', ('onder', 'IN')], ['NP', ('de', 'DT'), ('code', 'NN')], ['PP', ('van', 'IN')], ['NP', ('de', 'DT'), ('Standaard', 'NNP'), ('Bedrijfsindeling;horecaonderneming', 'NN')]]","{'staan': 'stond', 'inschrijven': 'ingeschreven'}"
17,Artikel1,Onderdeel_10,,,,,Minister van Economische Zaken en Klimaat;minister:,22-04-2020,jci1.3:c:BWBR0043324&artikel=1&z=2020-04-22&g=2020-04-22,"[['NP', ('Minister', 'NN')], ['PP', ('van', 'IN')], ['NP', ('Economische', 'NNPS'), ('Zaken', 'NNPS'), ('en', 'CC'), ('Klimaat;minister', 'NN')]]",{}
18,Artikel1,Onderdeel_11,,,,,"overheidsbedrijf als bedoeld in ;artikel 25g, eerste lid, van de Mededingingswetoverheidsbedrijf:",22-04-2020,jci1.3:c:BWBR0043324&artikel=1&z=2020-04-22&g=2020-04-22,"[['NP', ('overheidsbedrijf', 'NN')], ['VP', ('bedoeld', 'VBN')], ['PP', ('in', 'IN')], ['NP', ('artikel', 'NN')], ['NP', ('eerste', 'CD'), ('lid', 'NN')], ['PP', ('van', 'IN')], ['NP', ('de', 'DT'), ('Mededingingswetoverheidsbedrijf', 'NNP')]]",{'bedoelen': 'bedoeld'}
19,Artikel1,Onderdeel_12,,,,,"verklaring van de gedupeerde onderneming waarin deze bevestigt dat de tegemoetkoming niet zal leiden tot een overschrijding van het de-minimisplafond, bedoeld in artikel 3, tweede lid, van de algemene de-minimisverordening;verklaring de-minimissteun:",22-04-2020,jci1.3:c:BWBR0043324&artikel=1&z=2020-04-22&g=2020-04-22,"[['NP', ('verklaring', 'NN')], ['PP', ('van', 'IN')], ['VP', ('gedupeerde', 'VBN')], ['NP', ('onderneming', 'NN'), ('waarin', 'RB'), ('deze', 'PRP')], ['VP', ('bevestigt', 'VBZ')], ['NP', ('de', 'DT'), ('tegemoetkoming', 'NN')], ['VP', ('niet', 'RB'), ('zal', 'MD'), ('leiden', 'VB')], ['PP', ('tot', 'IN')], ['NP', ('een', 'DT'), ('overschrijding', 'NN')], ['PP', ('van', 'IN')], ['NP', ('het', 'DT'), ('de-minimisplafond', 'NN')], ['VP', ('bedoeld', 'VBN')], ['PP', ('in', 'IN')], ['NP', ('artikel', 'NN')], ['NP', ('tweede', 'CD'), ('lid', 'NN')], ['PP', ('van', 'IN')], ['NP', ('de', 'DT'), ('algemene', 'JJ'), ('de-minimisverordening;verklaring', 'NN'), ('de-minimissteun', 'NN')]]","{'geduperen': 'gedupeerde', 'bevestigen': 'bevestigt', 'leiden': 'leiden', 'bedoelen': 'bedoeld'}"
20,Artikel1,Onderdeel_13,,,,,"vestiging als bedoeld in .artikel 1, eerste lid, onderdeel j, van de Handelsregisterwet 2007vestiging:",22-04-2020,jci1.3:c:BWBR0043324&artikel=1&z=2020-04-22&g=2020-04-22,"[['NP', ('vestiging', 'NN'), ('als', 'PRP')], ['VP', ('bedoeld', 'VBN'), ('in', 'RP')], ['NP', ('artikel', 'NN')], ['NP', ('eerste', 'CD'), ('lid', 'NN')], ['NP', ('onderdeel', 'NN')], ['ADJP', ('j', 'JJ')], ['PP', ('van', 'IN')], ['NP', ('de', 'DT'), ('Handelsregisterwet', 'NNP')]]",{'bedoelen': 'bedoeld'}
21,Artikel2,Lid1,,,,,De minister verstrekt op aanvraag een tegemoetkoming aan een gedupeerde onderneming die verwacht in de periode van 16maart 2020 tot en met 15juni 2020:,22-04-2020,jci1.3:c:BWBR0043324&artikel=2&lid=1&z=2020-04-22&g=2020-04-22,"[['NP', ('De', 'DT'), ('minister', 'NN')], ['ADJP', ('verstrekt', 'JJ')], ['PP', ('op', 'IN')], ['NP', ('aanvraag', 'NN'), ('een', 'DT'), ('tegemoetkoming', 'NN')], ['PP', ('aan', 'IN')], ['VP', ('gedupeerde', 'VBN')], ['NP', ('onderneming', 'NN'), ('die', 'PRP')], ['VP', ('verwacht', 'VBD')], ['PP', ('in', 'IN')], ['NP', ('de', 'DT'), ('periode', 'NN')], ['PP', ('van', 'IN')], ['PP', ('tot', 'IN')], ['PP', ('met', 'IN')]]","{'geduperen': 'gedupeerde', 'verwachten': 'verwacht'}"
22,Artikel2,Lid1,Onderdeela,,,,"ten minste 4000, aan omzetverlies te lijden als gevolg van de maatregelen ter bestrijding van de verdere verspreiding van COVID-19;",22-04-2020,jci1.3:c:BWBR0043324&artikel=2&lid=1&o=a&z=2020-04-22&g=2020-04-22,"[['PP', ('ten', 'IN')], ['NP', ('minste', 'NN')], ['PP', ('aan', 'IN')], ['NP', ('omzetverlies', 'NNS')], ['VP', ('te', 'TO'), ('lijden', 'VB')], ['NP', ('als', 'PRP'), ('gevolg', 'NN')], ['PP', ('van', 'IN')], ['NP', ('de', 'DT'), ('maatregelen', 'NNS')], ['PP', ('ter', 'IN')], ['NP', ('bestrijding', 'NN')], ['PP', ('van', 'IN')], ['NP', ('de', 'DT'), ('verdere', 'JJR'), ('verspreiding', 'NN')], ['PP', ('van', 'IN')]]",{'lijden': 'lijden'}
23,Artikel2,Lid1,Onderdeelb,,,,"ten minste 4000, aan vaste lasten te hebben, ook na gebruik van andere door de overheid beschikbaar gestelde steunmaatregelen in het kader van de bestrijding van de verdere verspreiding van COVID-19.",22-04-2020,jci1.3:c:BWBR0043324&artikel=2&lid=1&o=b&z=2020-04-22&g=2020-04-22,"[['PP', ('ten', 'IN')], ['NP', ('minste', 'NN')], ['PP', ('aan', 'IN')], ['NP', ('vaste', 'JJ'), ('lasten', 'NNS')], ['VP', ('te', 'TO'), ('hebben', 'VBP')], ['PP', ('na', 'IN')], ['NP', ('gebruik', 'NN')], ['PP', ('van', 'IN')], ['NP', ('andere', 'PRP')], ['PP', ('door', 'IN')], ['NP', ('de', 'DT'), ('overheid', 'NN')], ['ADJP', ('beschikbaar', 'JJ')], ['VP', ('gestelde', 'VBN')], ['NP', ('steunmaatregelen', 'NNS')], ['PP', ('in', 'IN')], ['NP', ('het', 'DT'), ('kader', 'NN')], ['PP', ('van', 'IN')], ['NP', ('de', 'DT'), ('bestrijding', 'NN')], ['PP', ('van', 'IN')], ['NP', ('de', 'DT'), ('verdere', 'JJR'), ('verspreiding', 'NN')], ['PP', ('van', 'IN')]]","{'hebben': 'hebben', 'gestelen': 'gestelde'}"
24,Artikel2,Lid2,,,,,"Een gedupeerde agrarische recreatieonderneming komt alleen in aanmerking voor een tegemoetkoming indien het te verwachten omzetverlies, bedoeld in het eerste lid, onderdeel a, en de te verwachten vaste lasten, bedoeld in het eerste lid, onderdeel b, betrekking hebben op zijn nevenactiviteit met de code 55.20.1, 55.20.2, 55.30 of 93.29.9 van de Standaard Bedrijfsindeling.",22-04-2020,jci1.3:c:BWBR0043324&artikel=2&lid=2&z=2020-04-22&g=2020-04-22,"[['VP', ('gedupeerde', 'VBN')], ['NP', ('agrarische', 'JJ'), ('recreatieonderneming', 'NN')], ['VP', ('komt', 'VBZ')], ['ADVP', ('alleen', 'RB')], ['PP', ('in', 'IN')], ['NP', ('aanmerking', 'NN')], ['PP', ('voor', 'IN')], ['NP', ('een', 'DT'), ('tegemoetkoming', 'NN')], ['VP', ('te', 'TO'), ('verwachten', 'VB')], ['NP', ('omzetverlies', 'NNS')], ['VP', ('bedoeld', 'VBN')], ['PP', ('in', 'IN')], ['NP', ('het', 'DT'), ('eerste', 'CD'), ('lid', 'NN')], ['NP', ('onderdeel', 'NN')], ['VP', ('te', 'TO'), ('verwachten', 'VB')], ['NP', ('vaste', 'JJ'), ('lasten', 'NNS')], ['VP', ('bedoeld', 'VBN')], ['PP', ('in', 'IN')], ['NP', ('het', 'DT'), ('eerste', 'CD'), ('lid', 'NN')], ['NP', ('onderdeel', 'NN')], ['ADJP', ('b', 'JJ')], ['NP', ('betrekking', 'NN')], ['VP', ('hebben', 'MD')], ['NP', ('op', 'NNS')], ['VP', ('zijn', 'MD')], ['NP', ('nevenactiviteit', 'NN')], ['PP', ('met', 'IN')], ['NP', ('de', 'DT'), ('code', 'NN')], ['PP', ('van', 'IN')], ['NP', ('de', 'DT'), ('Standaard', 'NNP'), ('Bedrijfsindeling', 'NNP')]]","{'geduperen': 'gedupeerde', 'komen': 'komt', 'verwachten': 'verwachten', 'bedoelen': 'bedoeld'}"
25,Artikel2,Lid3,,,,,"In aanvulling op het eerste lid, komt een gedupeerde onderneming in de toeleveringsketen alleen in aanmerking voor een tegemoetkoming indien die onderneming het omzetverlies, bedoeld in het eerste lid, onderdeel a, verwacht te lijden doordat de onderneming voor minimaal zeventig procent van zijn omzet afhankelijk is van:",22-04-2020,jci1.3:c:BWBR0043324&artikel=2&lid=3&z=2020-04-22&g=2020-04-22,"[['PP', ('In', 'IN')], ['NP', ('aanvulling', 'NN')], ['PP', ('op', 'IN')], ['NP', ('het', 'DT'), ('eerste', 'CD'), ('lid', 'NN')], ['VP', ('komt', 'VBZ')], ['VP', ('gedupeerde', 'VBN')], ['NP', ('onderneming', 'NN')], ['PP', ('in', 'IN')], ['NP', ('de', 'DT'), ('toeleveringsketen', 'NNS')], ['ADVP', ('alleen', 'RB')], ['PP', ('in', 'IN')], ['NP', ('aanmerking', 'NN')], ['PP', ('voor', 'IN')], ['NP', ('een', 'DT'), ('tegemoetkoming', 'NN')], ['NP', ('die', 'PRP'), ('onderneming', 'NN')], ['NP', ('het', 'DT'), ('omzetverlies', 'NN')], ['VP', ('bedoeld', 'VBN')], ['PP', ('in', 'IN')], ['NP', ('het', 'DT'), ('eerste', 'CD'), ('lid', 'NN')], ['NP', ('onderdeel', 'NN')], ['VP', ('verwacht', 'VBP'), ('te', 'TO'), ('lijden', 'VBP')], ['NP', ('de', 'DT'), ('onderneming', 'NN')], ['PP', ('voor', 'IN')], ['NP', ('minimaal', 'JJ'), ('zeventig', 'JJ'), ('procent', 'NN'), ('van', 'NNS')], ['VP', ('zijn', 'MD')], ['NP', ('omzet', 'NN'), ('afhankelijk', 'NN')], ['VP', ('is', 'MD')]]","{'komen': 'komt', 'geduperen': 'gedupeerde', 'bedoelen': 'bedoeld', 'verwachten': 'verwacht', 'lijden': 'lijden'}"
26,Artikel2,Lid3,Onderdeela,,,,direct gedupeerde ondernemingen; of,22-04-2020,jci1.3:c:BWBR0043324&artikel=2&lid=3&o=a&z=2020-04-22&g=2020-04-22,"[['ADJP', ('direct', 'JJ')], ['VP', ('gedupeerde', 'VBN')], ['NP', ('ondernemingen', 'NNS')]]",{'geduperen': 'gedupeerde'}
27,Artikel2,Lid3,Onderdeelb,,,,activiteiten die als gevolg van de overheidsmaatregelen ter bestrijding van de verdere verspreiding van COVID-19 verboden zijn of ontraden worden.,22-04-2020,jci1.3:c:BWBR0043324&artikel=2&lid=3&o=b&z=2020-04-22&g=2020-04-22,"[['NP', ('activiteiten', 'NNS'), ('die', 'PRP'), ('als', 'PRP'), ('gevolg', 'NN')], ['PP', ('van', 'IN')], ['NP', ('de', 'DT'), ('overheidsmaatregelen', 'NNS')], ['PP', ('ter', 'IN')], ['NP', ('bestrijding', 'NN')], ['PP', ('van', 'IN')], ['NP', ('de', 'DT'), ('verdere', 'JJR'), ('verspreiding', 'NN')], ['PP', ('van', 'IN')], ['NP', ('COVID-19', 'CD'), ('verboden', 'NNS')], ['VP', ('zijn', 'MD')], ['VP', ('ontraden', 'VBN')], ['VP', ('worden', 'MD')]]",{'ontraden': 'ontraden'}
28,Artikel2,Lid4,,,,,"In aanvulling op het eerste lid, komt een gedupeerde zorgonderneming alleen in aanmerking voor een tegemoetkoming indien de gedupeerde zorgonderneming verwacht, ook na aftrek van de tegemoetkoming van zorginkopers ter compensatie van het omzetverlies als gevolg van de maatregelen ter bestrijding van COVID-19, het omzetverlies, bedoeld in het eerste lid, onderdeel a, te lijden en de vaste lasten, bedoeld in het eerste lid, onderdeel b, te hebben.",22-04-2020,jci1.3:c:BWBR0043324&artikel=2&lid=4&z=2020-04-22&g=2020-04-22,"[['PP', ('In', 'IN')], ['NP', ('aanvulling', 'NN')], ['PP', ('op', 'IN')], ['NP', ('het', 'DT'), ('eerste', 'CD'), ('lid', 'NN')], ['VP', ('komt', 'VBZ')], ['VP', ('gedupeerde', 'VBN')], ['NP', ('zorgonderneming', 'NN')], ['ADVP', ('alleen', 'RB')], ['PP', ('in', 'IN')], ['NP', ('aanmerking', 'NN')], ['PP', ('voor', 'IN')], ['NP', ('een', 'DT'), ('tegemoetkoming', 'NN')], ['VP', ('gedupeerde', 'VBN')], ['NP', ('zorgonderneming', 'NN')], ['VP', ('verwacht', 'VBP')], ['PP', ('na', 'IN')], ['NP', ('aftrek', 'NN')], ['PP', ('van', 'IN')], ['NP', ('de', 'DT'), ('tegemoetkoming', 'NN')], ['PP', ('van', 'IN')], ['NP', ('zorginkopers', 'NNS')], ['PP', ('ter', 'IN')], ['NP', ('compensatie', 'NN')], ['PP', ('van', 'IN')], ['NP', ('het', 'DT'), ('omzetverlies', 'NN'), ('als', 'PRP'), ('gevolg', 'NN')], ['PP', ('van', 'IN')], ['NP', ('de', 'DT'), ('maatregelen', 'NNS')], ['PP', ('ter', 'IN')], ['NP', ('bestrijding', 'NN')], ['PP', ('van', 'IN')], ['NP', ('het', 'DT'), ('omzetverlies', 'NN')], ['VP', ('bedoeld', 'VBN')], ['PP', ('in', 'IN')], ['NP', ('het', 'DT'), ('eerste', 'CD'), ('lid', 'NN')], ['NP', ('onderdeel', 'NN')], ['VP', ('te', 'TO'), ('lijden', 'VBP')], ['NP', ('de', 'DT'), ('vaste', 'JJ'), ('lasten', 'NNS')], ['VP', ('bedoeld', 'VBN')], ['PP', ('in', 'IN')], ['NP', ('het', 'DT'), ('eerste', 'CD'), ('lid', 'NN')], ['NP', ('onderdeel', 'NN')], ['ADJP', ('b', 'JJ')], ['VP', ('hebben', 'MD')]]","{'komen': 'komt', 'geduperen': 'gedupeerde', 'verwachten': 'verwacht', 'bedoelen': 'bedoeld', 'lijden': 'lijden'}"
29,Artikel2,Lid5,,,,,De tegemoetkoming bedraagt 4000 per gedupeerde onderneming.,22-04-2020,jci1.3:c:BWBR0043324&artikel=2&lid=5&z=2020-04-22&g=2020-04-22,"[['NP', ('De', 'DT'), ('tegemoetkoming', 'NN')], ['VP', ('bedraagt', 'VBZ')], ['PP', ('per', 'IN')], ['VP', ('gedupeerde', 'VBN')], ['NP', ('onderneming', 'NN')]]","{'bedragen': 'bedraagt', 'geduperen': 'gedupeerde'}"
30,Artikel3,,,,,,De minister beslist afwijzend op een aanvraag indien:,31-03-2020,jci1.3:c:BWBR0043324&artikel=3&z=2020-04-22&g=2020-04-22,"[['NP', ('De', 'DT'), ('minister', 'NN')], ['ADJP', ('beslist', 'JJ')], ['VP', ('afwijzend', 'VBG')], ['PP', ('op', 'IN')], ['NP', ('een', 'DT'), ('aanvraag', 'NN')]]",{'afwijzen': 'afwijzend'}
31,Artikel3,Onderdeela,,,,,de aanvraag niet voldoet aan de bij deze beleidsregel gestelde eisen;,31-03-2020,jci1.3:c:BWBR0043324&artikel=3&o=a&z=2020-04-22&g=2020-04-22,"[['NP', ('de', 'DT'), ('aanvraag', 'NN')], ['ADJP', ('niet', 'RB'), ('voldoet', 'JJ')], ['PP', ('aan', 'IN')], ['VP', ('bij', 'VB')], ['NP', ('deze', 'PRP')], ['ADJP', ('beleidsregel', 'JJ')], ['VP', ('gestelde', 'VBN')], ['NP', ('eisen', 'NNS')]]","{'bijjen': 'bij', 'gestelen': 'gestelde'}"
32,Artikel3,Onderdeelb,,,,,de gedupeerde onderneming in staat van faillissement verkeert dan wel bij de rechtbank een verzoek tot verlening van surseance van betaling aan de onderneming is ingediend;,31-03-2020,jci1.3:c:BWBR0043324&artikel=3&o=b&z=2020-04-22&g=2020-04-22,"[['VP', ('gedupeerde', 'VBN')], ['NP', ('onderneming', 'NN')], ['PP', ('in', 'IN')], ['VP', ('staat', 'VBZ')], ['PP', ('van', 'IN')], ['NP', ('faillissement', 'NN')], ['VP', ('verkeert', 'VBZ')], ['ADVP', ('dan', 'RB'), ('wel', 'RB')], ['PP', ('bij', 'IN')], ['NP', ('de', 'DT'), ('rechtbank', 'NN')], ['NP', ('een', 'DT'), ('verzoek', 'NN')], ['PP', ('tot', 'IN')], ['NP', ('verlening', 'NN')], ['PP', ('van', 'IN')], ['NP', ('surseance', 'NN')], ['PP', ('van', 'IN')], ['NP', ('betaling', 'NN')], ['PP', ('aan', 'IN')], ['NP', ('de', 'DT'), ('onderneming', 'NN')], ['VP', ('is', 'MD'), ('ingediend', 'VBN')]]","{'geduperen': 'gedupeerde', 'staan': 'staat', 'verkeren': 'verkeert', 'indienen': 'ingediend'}"
33,Artikel3,Onderdeelc,,,,,de tegemoetkoming niet verstrekt kan worden op grond van de algemene de-minimisverordening.,31-03-2020,jci1.3:c:BWBR0043324&artikel=3&o=c&z=2020-04-22&g=2020-04-22,"[['NP', ('de', 'DT'), ('tegemoetkoming', 'NN')], ['ADJP', ('niet', 'RB'), ('verstrekt', 'JJ')], ['VP', ('kan', 'MD')], ['VP', ('worden', 'MD')], ['PP', ('op', 'IN')], ['NP', ('grond', 'NN')], ['PP', ('van', 'IN')], ['NP', ('de', 'DT'), ('algemene', 'JJ'), ('de-minimisverordening', 'NN')]]",{}
34,Artikel4,Lid1,,,,,Een aanvraag wordt ingediend met gebruikmaking van een door de minister beschikbaar gesteld middel.,22-04-2020,jci1.3:c:BWBR0043324&artikel=4&lid=1&z=2020-04-22&g=2020-04-22,"[['NP', ('Een', 'DT'), ('aanvraag', 'NN')], ['VP', ('wordt', 'MD'), ('ingediend', 'VBN')], ['PP', ('met', 'IN')], ['NP', ('gebruikmaking', 'NN')], ['PP', ('van', 'IN')], ['PP', ('door', 'IN')], ['NP', ('de', 'DT'), ('minister', 'NN')], ['ADJP', ('beschikbaar', 'JJ')], ['VP', ('gesteld', 'VBN')], ['NP', ('middel', 'NN')]]","{'indienen': 'ingediend', 'stellen': 'gesteld'}"
35,Artikel4,Lid2,,,,,Een aanvraag omvat in ieder geval:,22-04-2020,jci1.3:c:BWBR0043324&artikel=4&lid=2&z=2020-04-22&g=2020-04-22,"[['NP', ('Een', 'DT'), ('aanvraag', 'NN')], ['VP', ('omvat', 'VBZ')], ['PP', ('in', 'IN')], ['NP', ('ieder', 'PRP'), ('geval', 'NN')]]",{'omvatten': 'omvat'}
36,Artikel4,Lid2,Onderdeela,,,,"gegevens over de gedupeerde onderneming, waaronder het nummer waarmee de gedupeerde onderneming geregistreerd is bij de Kamer van Koophandel, het post- en bezoekadres en het rekeningnummer dat op naam van de gedupeerde onderneming staat of, in geval de gedupeerde onderneming een eenmanszaak betreft en deze geen zakelijke rekening heeft, het rekeningnummer van de eigenaar van de eenmanszaak;",22-04-2020,jci1.3:c:BWBR0043324&artikel=4&lid=2&o=a&z=2020-04-22&g=2020-04-22,"[['NP', ('gegevens', 'NNS')], ['PP', ('over', 'IN')], ['VP', ('gedupeerde', 'VBN')], ['NP', ('onderneming', 'NN')], ['ADVP', ('waaronder', 'RB')], ['NP', ('het', 'DT'), ('nummer', 'NN')], ['ADVP', ('waarmee', 'RB')], ['VP', ('gedupeerde', 'VBN')], ['NP', ('onderneming', 'NN')], ['VP', ('geregistreerd', 'VBN')], ['VP', ('is', 'MD')], ['PP', ('bij', 'IN')], ['NP', ('de', 'DT'), ('Kamer', 'NNP')], ['PP', ('van', 'IN')], ['NP', ('Koophandel', 'NNP')], ['NP', ('het', 'DT'), ('post', 'NN')], ['NP', ('bezoekadres', 'NNS')], ['NP', ('het', 'PRP'), ('rekeningnummer', 'NN'), ('dat', 'PRP')], ['PP', ('op', 'IN')], ['NP', ('naam', 'NN')], ['PP', ('van', 'IN')], ['VP', ('gedupeerde', 'VBN')], ['NP', ('onderneming', 'NN')], ['VP', ('staat', 'VBZ')], ['PP', ('in', 'IN')], ['NP', ('geval', 'NN')], ['VP', ('gedupeerde', 'VBN')], ['NP', ('onderneming', 'NN'), ('een', 'DT'), ('eenmanszaak', 'NN')], ['VP', ('betreft', 'VBZ')], ['NP', ('deze', 'PRP'), ('geen', 'PRP')], ['NP', ('zakelijke', 'JJ'), ('rekening', 'NN')], ['VP', ('heeft', 'VBZ')], ['NP', ('het', 'DT'), ('rekeningnummer', 'NN')], ['PP', ('van', 'IN')], ['NP', ('de', 'DT'), ('eigenaar', 'NN')], ['PP', ('van', 'IN')], ['NP', ('de', 'DT'), ('eenmanszaak', 'NN')]]","{'geduperen': 'gedupeerde', 'registreren': 'geregistreerd', 'staan': 'staat', 'betreffen': 'betreft', 'hebben': 'heeft'}"
37,Artikel4,Lid2,Onderdeelb,,,,"gegevens over de contactpersoon bij de gedupeerde onderneming, waaronder de naam, het telefoonnummer en het e-mailadres;",22-04-2020,jci1.3:c:BWBR0043324&artikel=4&lid=2&o=b&z=2020-04-22&g=2020-04-22,"[['NP', ('gegevens', 'NNS')], ['PP', ('over', 'IN')], ['NP', ('de', 'DT'), ('contactpersoon', 'NN')], ['PP', ('bij', 'IN')], ['VP', ('gedupeerde', 'VBN')], ['NP', ('onderneming', 'NN')], ['ADVP', ('waaronder', 'RB')], ['NP', ('de', 'DT'), ('naam', 'NN')], ['NP', ('het', 'DT'), ('telefoonnummer', 'NN')], ['NP', ('het', 'PRP'), ('e-mailadres', 'NN')]]",{'geduperen': 'gedupeerde'}
38,Artikel4,Lid2,Onderdeelc,,,,een verklaring dat de gedupeerde onderneming geen overheidsbedrijf is;,22-04-2020,jci1.3:c:BWBR0043324&artikel=4&lid=2&o=c&z=2020-04-22&g=2020-04-22,"[['NP', ('een', 'DT'), ('verklaring', 'NN')], ['VP', ('gedupeerde', 'VBN')], ['NP', ('onderneming', 'NN'), ('geen', 'PRP'), ('overheidsbedrijf', 'NN')], ['VP', ('is', 'MD')]]",{'geduperen': 'gedupeerde'}
39,Artikel4,Lid2,Onderdeeld,,,,een verklaring de-minimissteun;,22-04-2020,jci1.3:c:BWBR0043324&artikel=4&lid=2&o=d&z=2020-04-22&g=2020-04-22,"[['NP', ('een', 'DT'), ('verklaring', 'JJ'), ('de-minimissteun', 'NN')]]",{}
40,Artikel4,Lid2,Onderdeele,,,,een verklaring dat de gedupeerde onderneming op het moment van aanvraag voldoet aan de bij deze beleidsregel gestelde eisen;,22-04-2020,jci1.3:c:BWBR0043324&artikel=4&lid=2&o=e&z=2020-04-22&g=2020-04-22,"[['NP', ('een', 'DT'), ('verklaring', 'NN')], ['VP', ('gedupeerde', 'VBN')], ['NP', ('onderneming', 'NN')], ['PP', ('op', 'IN')], ['NP', ('het', 'DT'), ('moment', 'NN')], ['PP', ('van', 'IN')], ['NP', ('aanvraag', 'NN'), ('voldoet', 'NN')], ['PP', ('aan', 'IN')], ['VP', ('bij', 'VB')], ['NP', ('deze', 'PRP')], ['ADJP', ('beleidsregel', 'JJ')], ['VP', ('gestelde', 'VBN')], ['NP', ('eisen', 'NNS')]]","{'geduperen': 'gedupeerde', 'bijjen': 'bij', 'gestelen': 'gestelde'}"
41,Artikel4,Lid2,Onderdeelf,,,,"een verklaring waarin de gedupeerde onderneming aangeeft dat de onderneming in de periode van 16maart 2020 tot en met 15juni 2020 een omzetverlies verwacht te lijden van ten minste 4000,;",22-04-2020,jci1.3:c:BWBR0043324&artikel=4&lid=2&o=f&z=2020-04-22&g=2020-04-22,"[['NP', ('een', 'DT'), ('verklaring', 'NN')], ['ADVP', ('waarin', 'RB')], ['VP', ('gedupeerde', 'VBN')], ['NP', ('onderneming', 'NN')], ['VP', ('aangeeft', 'VBZ')], ['NP', ('de', 'DT'), ('onderneming', 'NN')], ['PP', ('in', 'IN')], ['NP', ('de', 'DT'), ('periode', 'NN')], ['PP', ('van', 'IN')], ['PP', ('tot', 'IN')], ['PP', ('met', 'IN')], ['NP', ('15juni', 'CD'), ('2020', 'CD'), ('een', 'DT'), ('omzetverlies', 'NN')], ['VP', ('verwacht', 'VBP'), ('te', 'TO'), ('lijden', 'VB'), ('van', 'RP')], ['PP', ('ten', 'IN')], ['NP', ('minste', 'NN')]]","{'geduperen': 'gedupeerde', 'aangeven': 'aangeeft', 'verwachten': 'verwacht', 'lijden': 'lijden'}"
42,Artikel4,Lid2,Onderdeelg,,,,"een verklaring waarin de gedupeerde onderneming aangeeft dat de onderneming in de periode van 16maart 2020 tot en met 15juni 2020 verwacht ten minste 4000, aan vaste lasten te hebben, ook na gebruik van andere door de overheid beschikbaar gestelde steunmaatregelen in het kader van de bestrijding van de verdere verspreiding van COVID-19;",22-04-2020,jci1.3:c:BWBR0043324&artikel=4&lid=2&o=g&z=2020-04-22&g=2020-04-22,"[['NP', ('een', 'DT'), ('verklaring', 'NN')], ['ADVP', ('waarin', 'RB')], ['VP', ('gedupeerde', 'VBN')], ['NP', ('onderneming', 'NN')], ['VP', ('aangeeft', 'VBZ')], ['NP', ('de', 'DT'), ('onderneming', 'NN')], ['PP', ('in', 'IN')], ['NP', ('de', 'DT'), ('periode', 'NN')], ['PP', ('van', 'IN')], ['PP', ('tot', 'IN')], ['PP', ('met', 'IN')], ['VP', ('verwacht', 'VBP')], ['PP', ('ten', 'IN')], ['NP', ('minste', 'NN')], ['PP', ('aan', 'IN')], ['NP', ('vaste', 'JJ'), ('lasten', 'NNS')], ['VP', ('te', 'TO'), ('hebben', 'VBP')], ['PP', ('na', 'IN')], ['NP', ('gebruik', 'NN')], ['PP', ('van', 'IN')], ['NP', ('andere', 'PRP')], ['PP', ('door', 'IN')], ['NP', ('de', 'DT'), ('overheid', 'NN')], ['ADJP', ('beschikbaar', 'JJ')], ['VP', ('gestelde', 'VBN')], ['NP', ('steunmaatregelen', 'NNS')], ['PP', ('in', 'IN')], ['NP', ('het', 'DT'), ('kader', 'NN')], ['PP', ('van', 'IN')], ['NP', ('de', 'DT'), ('bestrijding', 'NN')], ['PP', ('van', 'IN')], ['NP', ('de', 'DT'), ('verdere', 'JJR'), ('verspreiding', 'NN')], ['PP', ('van', 'IN')]]","{'geduperen': 'gedupeerde', 'aangeven': 'aangeeft', 'verwachten': 'verwacht', 'hebben': 'hebben', 'gestelen': 'gestelde'}"
43,Artikel4,Lid2,Onderdeelh,,,,"indien van toepassing: een verklaring dat de gedupeerde onderneming een vestiging heeft die fysiek afgescheiden is van de privwoning van de eigenaar of eigenaren van de onderneming en voorzien is van een eigen opgang of toegang, en een bewijsstuk ter onderbouwing van deze verklaring zoals:",22-04-2020,jci1.3:c:BWBR0043324&artikel=4&lid=2&o=h&z=2020-04-22&g=2020-04-22,"[['NP', ('indien', 'PRP')], ['PP', ('van', 'IN')], ['NP', ('toepassing', 'NN')], ['NP', ('een', 'DT'), ('verklaring', 'NN')], ['VP', ('gedupeerde', 'VBN')], ['NP', ('onderneming', 'NN'), ('een', 'DT'), ('vestiging', 'NN')], ['VP', ('heeft', 'MD')], ['NP', ('die', 'PRP'), ('fysiek', 'NN')], ['VP', ('afgescheiden', 'VBN')], ['VP', ('is', 'MD')], ['PP', ('van', 'IN')], ['NP', ('de', 'DT'), ('privwoning', 'NN')], ['PP', ('van', 'IN')], ['NP', ('de', 'DT'), ('eigenaar', 'NN')], ['NP', ('eigenaren', 'NNS')], ['PP', ('van', 'IN')], ['NP', ('de', 'DT'), ('onderneming', 'NN')], ['VP', ('voorzien', 'VBP')], ['VP', ('is', 'MD')], ['PP', ('van', 'IN')], ['NP', ('een', 'DT'), ('eigen', 'PRP'), ('opgang', 'NN')], ['VP', ('toegang', 'VBN')], ['NP', ('een', 'DT'), ('bewijsstuk', 'NN')], ['PP', ('ter', 'IN')], ['NP', ('onderbouwing', 'NN')], ['VP', ('van', 'VB')], ['NP', ('deze', 'PRP'), ('verklaring', 'NN')]]","{'geduperen': 'gedupeerde', 'afscheiden': 'afgescheiden', 'voorzien': 'voorzien', 'toegangen': 'toegang', 'vannen': 'van'}"
44,Artikel4,Lid2,Onderdeelh,Onderdeel1,,,een kopie van een zakelijke huur- of koopovereenkomst van de vestiging; of,22-04-2020,jci1.3:c:BWBR0043324&artikel=4&lid=2&o=h&o=1&z=2020-04-22&g=2020-04-22,"[['NP', ('een', 'DT'), ('kopie', 'NN')], ['PP', ('van', 'IN')], ['NP', ('een', 'DT'), ('zakelijke', 'JJ'), ('huur', 'NN')], ['NP', ('koopovereenkomst', 'NN')], ['PP', ('van', 'IN')], ['NP', ('de', 'DT'), ('vestiging', 'NN')]]",{}
45,Artikel4,Lid2,Onderdeelh,Onderdeel2,,,"een kopie van de belastingaangifte van het jaar 2019 of 2020 waaruit blijkt dat er sprake is van een werkruimte waarvan de vaste lasten en kosten fiscaal aftrekbaar zijn als bedoeld in ;artikel 3.16, eerste lid, van de Wet inkomstenbelasting 2001",22-04-2020,jci1.3:c:BWBR0043324&artikel=4&lid=2&o=h&o=2&z=2020-04-22&g=2020-04-22,"[['NP', ('een', 'DT'), ('kopie', 'NN')], ['PP', ('van', 'IN')], ['NP', ('de', 'DT'), ('belastingaangifte', 'NN')], ['PP', ('van', 'IN')], ['NP', ('het', 'DT'), ('jaar', 'NN')], ['VP', ('waaruit', 'RB'), ('blijkt', 'VBZ')], ['ADVP', ('er', 'RB')], ['NP', ('sprake', 'NN')], ['VP', ('is', 'MD')], ['PP', ('van', 'IN')], ['NP', ('een', 'DT'), ('werkruimte', 'NN')], ['ADVP', ('waarvan', 'RB')], ['NP', ('de', 'DT'), ('vaste', 'JJ'), ('lasten', 'NNS')], ['NP', ('kosten', 'NNS'), ('fiscaal', 'NN')], ['NP', ('aftrekbaar', 'JJ'), ('zijn', 'PRP$')], ['VP', ('bedoeld', 'VBN')], ['PP', ('in', 'IN')], ['NP', ('artikel', 'NN')], ['NP', ('eerste', 'CD'), ('lid', 'NN')], ['PP', ('van', 'IN')], ['NP', ('de', 'DT'), ('Wet', 'NNP'), ('inkomstenbelasting', 'NN')]]","{'blijken': 'blijkt', 'bedoelen': 'bedoeld'}"
46,Artikel4,Lid2,Onderdeeli,,,,"voor zover het een gedupeerde agrarische recreatieonderneming betreft: een verklaring dat het te verwachten omzetverlies, bedoeld in , en de te verwachten vaste lasten, bedoeld in artikel 2, eerste lid, onderdeel b, betrekking hebben op zijn nevenactiviteit met de code 55.20.1, 55.20.2, 55.30 of 93.29.9 van de Standaard Bedrijfsindeling;artikel 2, eerste lid, onderdeel a",22-04-2020,jci1.3:c:BWBR0043324&artikel=4&lid=2&o=i&z=2020-04-22&g=2020-04-22,"[['PP', ('voor', 'IN')], ['ADVP', ('zover', 'RB')], ['NP', ('het', 'PRP')], ['VP', ('gedupeerde', 'VBN')], ['NP', ('agrarische', 'JJ'), ('recreatieonderneming', 'NN')], ['VP', ('betreft', 'VBZ')], ['NP', ('een', 'DT'), ('verklaring', 'NN')], ['VP', ('te', 'TO'), ('verwachten', 'VB')], ['NP', ('omzetverlies', 'NNS')], ['VP', ('bedoeld', 'VBN'), ('in', 'RP')], ['VP', ('te', 'TO'), ('verwachten', 'VB')], ['NP', ('vaste', 'JJ'), ('lasten', 'NNS')], ['VP', ('bedoeld', 'VBN')], ['PP', ('in', 'IN')], ['NP', ('artikel', 'NN')], ['NP', ('eerste', 'CD'), ('lid', 'NN')], ['NP', ('onderdeel', 'NN')], ['ADJP', ('b', 'JJ')], ['NP', ('betrekking', 'NN')], ['VP', ('hebben', 'MD')], ['NP', ('op', 'NNS')], ['VP', ('zijn', 'MD')], ['NP', ('nevenactiviteit', 'NN')], ['PP', ('met', 'IN')], ['NP', ('de', 'DT'), ('code', 'NN')], ['PP', ('van', 'IN')], ['NP', ('de', 'DT'), ('Standaard', 'NNP'), ('Bedrijfsindeling;artikel', 'NN')], ['NP', ('eerste', 'CD'), ('lid', 'NN')], ['NP', ('onderdeel', 'NN')]]","{'geduperen': 'gedupeerde', 'betreffen': 'betreft', 'verwachten': 'verwachten', 'bedoelen': 'bedoeld'}"
47,Artikel4,Lid2,Onderdeelj,,,,"voor zover het een gedupeerde onderneming in de toeleveringsketen betreft: een verklaring dat de onderneming het omzetverlies, bedoeld in , verwacht te lijden doordat de onderneming voor minimaal zeventig procent van zijn omzet afhankelijk is van:artikel 2, eerste lid, onderdeel a",22-04-2020,jci1.3:c:BWBR0043324&artikel=4&lid=2&o=j&z=2020-04-22&g=2020-04-22,"[['PP', ('voor', 'IN')], ['ADVP', ('zover', 'RB')], ['NP', ('het', 'PRP')], ['VP', ('gedupeerde', 'VBN')], ['NP', ('onderneming', 'NN')], ['PP', ('in', 'IN')], ['NP', ('de', 'DT'), ('toeleveringsketen', 'NNS')], ['VP', ('betreft', 'VBZ')], ['NP', ('een', 'DT'), ('verklaring', 'NN')], ['NP', ('de', 'DT'), ('onderneming', 'NN')], ['NP', ('het', 'DT'), ('omzetverlies', 'NN')], ['VP', ('bedoeld', 'VBN'), ('in', 'RP')], ['VP', ('verwacht', 'VBP'), ('te', 'TO'), ('lijden', 'VBP')], ['NP', ('de', 'DT'), ('onderneming', 'NN')], ['PP', ('voor', 'IN')], ['NP', ('minimaal', 'JJ'), ('zeventig', 'JJ'), ('procent', 'NN'), ('van', 'NNS')], ['VP', ('zijn', 'MD')], ['NP', ('omzet', 'NN'), ('afhankelijk', 'NN')], ['VP', ('is', 'MD')], ['ADVP', ('van:artikel', 'RB')], ['NP', ('eerste', 'CD'), ('lid', 'NN')], ['NP', ('onderdeel', 'NN')]]","{'geduperen': 'gedupeerde', 'betreffen': 'betreft', 'bedoelen': 'bedoeld', 'verwachten': 'verwacht', 'lijden': 'lijden'}"
48,Artikel4,Lid2,Onderdeelj,Onderdeel1,,,direct gedupeerde ondernemingen; of,22-04-2020,jci1.3:c:BWBR0043324&artikel=4&lid=2&o=j&o=1&z=2020-04-22&g=2020-04-22,"[['ADJP', ('direct', 'JJ')], ['VP', ('gedupeerde', 'VBN')], ['NP', ('ondernemingen', 'NNS')]]",{'geduperen': 'gedupeerde'}
49,Artikel4,Lid2,Onderdeelj,Onderdeel2,,,activiteiten die als gevolg van de overheidsmaatregelen ter bestrijding van de verdere verspreiding van COVID-19 verboden zijn of ontraden worden; en,22-04-2020,jci1.3:c:BWBR0043324&artikel=4&lid=2&o=j&o=2&z=2020-04-22&g=2020-04-22,"[['NP', ('activiteiten', 'NNS'), ('die', 'PRP'), ('als', 'PRP'), ('gevolg', 'NN')], ['PP', ('van', 'IN')], ['NP', ('de', 'DT'), ('overheidsmaatregelen', 'NNS')], ['PP', ('ter', 'IN')], ['NP', ('bestrijding', 'NN')], ['PP', ('van', 'IN')], ['NP', ('de', 'DT'), ('verdere', 'JJR'), ('verspreiding', 'NN')], ['PP', ('van', 'IN')], ['NP', ('COVID-19', 'CD'), ('verboden', 'NNS')], ['VP', ('zijn', 'MD')], ['VP', ('ontraden', 'VBN')], ['VP', ('worden', 'MD')]]",{'ontraden': 'ontraden'}
50,Artikel4,Lid2,Onderdeelk,,,,"voor zover het een gedupeerde zorgonderneming betreft: een verklaring dat de onderneming verwacht, ook na aftrek van de tegemoetkoming van zorginkopers ter compensatie van het omzetverlies als gevolg van de maatregelen ter bestrijding van COVID-19, het omzetverlies, bedoeld in , te lijden en de vaste lasten, bedoeld in artikel 2, eerste lid, onderdeel b, te hebben.artikel 2, eerste lid, onderdeel a",22-04-2020,jci1.3:c:BWBR0043324&artikel=4&lid=2&o=k&z=2020-04-22&g=2020-04-22,"[['PP', ('voor', 'IN')], ['ADVP', ('zover', 'RB')], ['NP', ('het', 'PRP')], ['VP', ('gedupeerde', 'VBN')], ['NP', ('zorgonderneming', 'NN')], ['VP', ('betreft', 'VBZ')], ['NP', ('een', 'DT'), ('verklaring', 'NN')], ['NP', ('de', 'DT'), ('onderneming', 'NN')], ['VP', ('verwacht', 'VBP')], ['PP', ('na', 'IN')], ['NP', ('aftrek', 'NN')], ['PP', ('van', 'IN')], ['NP', ('de', 'DT'), ('tegemoetkoming', 'NN')], ['PP', ('van', 'IN')], ['NP', ('zorginkopers', 'NNS')], ['PP', ('ter', 'IN')], ['NP', ('compensatie', 'NN')], ['PP', ('van', 'IN')], ['NP', ('het', 'DT'), ('omzetverlies', 'NN'), ('als', 'PRP'), ('gevolg', 'NN')], ['PP', ('van', 'IN')], ['NP', ('de', 'DT'), ('maatregelen', 'NNS')], ['PP', ('ter', 'IN')], ['NP', ('bestrijding', 'NN')], ['PP', ('van', 'IN')], ['NP', ('het', 'DT'), ('omzetverlies', 'NN')], ['VP', ('bedoeld', 'VBN'), ('in', 'RP')], ['VP', ('te', 'TO'), ('lijden', 'VBP')], ['NP', ('de', 'DT'), ('vaste', 'JJ'), ('lasten', 'NNS')], ['VP', ('bedoeld', 'VBN')], ['PP', ('in', 'IN')], ['NP', ('artikel', 'NN')], ['NP', ('eerste', 'CD'), ('lid', 'NN')], ['NP', ('onderdeel', 'NN')], ['ADJP', ('b', 'JJ')], ['NP', ('hebben.artikel', 'NNP')], ['NP', ('eerste', 'CD'), ('lid', 'NN')], ['NP', ('onderdeel', 'NN')]]","{'geduperen': 'gedupeerde', 'betreffen': 'betreft', 'verwachten': 'verwacht', 'bedoelen': 'bedoeld', 'lijden': 'lijden'}"
51,Artikel4,Lid3,,,,,Een aanvraag kan worden ingediend in de periode van 27maart 2020 tot en met 26juni 2020.,22-04-2020,jci1.3:c:BWBR0043324&artikel=4&lid=3&z=2020-04-22&g=2020-04-22,"[['NP', ('Een', 'DT'), ('aanvraag', 'NN')], ['VP', ('kan', 'MD'), ('worden', 'MD'), ('ingediend', 'VBN')], ['PP', ('in', 'IN')], ['NP', ('de', 'DT'), ('periode', 'NN')], ['PP', ('van', 'IN')], ['PP', ('tot', 'IN')], ['PP', ('met', 'IN')]]",{'indienen': 'ingediend'}
52,Artikel5,,,,,,"De minister beslist binnen drie weken na ontvangst van een aanvraag. Indien niet binnen deze termijn kan worden beslist, stelt de minister de aanvrager daarvan in kennis en noemt daarbij een redelijke termijn waarbinnen de beslissing wel kan worden genomen.",31-03-2020,jci1.3:c:BWBR0043324&artikel=5&z=2020-04-22&g=2020-04-22,"[['NP', ('De', 'DT'), ('minister', 'NN')], ['ADJP', ('beslist', 'JJ')], ['ADVP', ('binnen', 'RB')], ['NP', ('drie', 'CD'), ('weken', 'NNS')], ['PP', ('na', 'IN')], ['NP', ('ontvangst', 'NN')], ['PP', ('van', 'IN')], ['NP', ('een', 'DT'), ('aanvraag', 'NN')], ['NP', ('Indien', 'PRP'), ('niet', 'RB'), ('binnen', 'RB'), ('deze', 'PRP'), ('termijn', 'NN')], ['VP', ('kan', 'MD')], ['VP', ('worden', 'MD')], ['ADJP', ('beslist', 'JJ')], ['VP', ('stelt', 'VBP')], ['NP', ('de', 'DT'), ('minister', 'NN')], ['NP', ('de', 'DT'), ('aanvrager', 'NN')], ['ADVP', ('daarvan', 'RB')], ['PP', ('in', 'IN')], ['NP', ('kennis', 'NN')], ['VP', ('noemt', 'VBZ')], ['ADVP', ('daarbij', 'RB')], ['NP', ('een', 'DT'), ('redelijke', 'JJ'), ('termijn', 'NN')], ['ADVP', ('waarbinnen', 'RB')], ['NP', ('de', 'DT'), ('beslissing', 'NN')], ['VP', ('wel', 'RB'), ('kan', 'MD'), ('worden', 'MD'), ('genomen', 'VBN')]]","{'stellen': 'stelt', 'noemen': 'noemt', 'nemen': 'genomen'}"
53,Artikel6,Lid1,,,,,"De minister kan de hoogte van de tegemoetkoming binnen vijf jaar na de verstrekking herzien dan wel de beschikking tot de tegemoetkoming intrekken, indien blijkt dat de tegemoetkoming, door onjuiste gegevensverstrekking door de gedupeerde onderneming, niet in overeenstemming met deze beleidsregel is verstrekt, of indien de gedupeerde onderneming de bewijsstukken, bedoeld in het tweede lid, niet overlegt.",22-04-2020,jci1.3:c:BWBR0043324&artikel=6&lid=1&z=2020-04-22&g=2020-04-22,"[['NP', ('De', 'DT'), ('minister', 'NN')], ['VP', ('kan', 'MD')], ['NP', ('de', 'DT'), ('hoogte', 'NN')], ['PP', ('van', 'IN')], ['NP', ('de', 'DT'), ('tegemoetkoming', 'NN')], ['ADVP', ('binnen', 'RB')], ['NP', ('vijf', 'CD'), ('jaar', 'NN')], ['PP', ('na', 'IN')], ['NP', ('de', 'DT'), ('verstrekking', 'NN'), ('herzien', 'NNS')], ['ADVP', ('dan', 'RB'), ('wel', 'RB')], ['NP', ('de', 'DT'), ('beschikking', 'NN')], ['PP', ('tot', 'IN')], ['NP', ('de', 'DT'), ('tegemoetkoming', 'NN'), ('intrekken', 'NNS')], ['NP', ('indien', 'PRP')], ['VP', ('blijkt', 'VBZ')], ['NP', ('de', 'DT'), ('tegemoetkoming', 'NN')], ['PP', ('door', 'IN')], ['NP', ('onjuiste', 'JJ'), ('gegevensverstrekking', 'NN')], ['PP', ('door', 'IN')], ['VP', ('gedupeerde', 'VBN')], ['NP', ('onderneming', 'NN')], ['PP', ('in', 'IN')], ['NP', ('overeenstemming', 'NN')], ['VP', ('met', 'VB')], ['NP', ('deze', 'PRP'), ('beleidsregel', 'NN')], ['VP', ('is', 'MD')], ['ADJP', ('verstrekt', 'JJ')], ['VP', ('gedupeerde', 'VBN')], ['NP', ('onderneming', 'NN'), ('de', 'DT'), ('bewijsstukken', 'NNS')], ['VP', ('bedoeld', 'VBN')], ['PP', ('in', 'IN')], ['NP', ('het', 'DT'), ('tweede', 'CD'), ('lid', 'NN')], ['VP', ('overlegt', 'VBZ')]]","{'blijken': 'blijkt', 'geduperen': 'gedupeerde', 'metten': 'met', 'bedoelen': 'bedoeld', 'overleggen': 'overlegt'}"
54,Artikel6,Lid2,,,,,"Indien van toepassing, overlegt de gedupeerde onderneming desgevraagd gedurende vijf jaar na de verstrekking van de tegemoetkoming de volgende bewijsstukken aan de minister:",22-04-2020,jci1.3:c:BWBR0043324&artikel=6&lid=2&z=2020-04-22&g=2020-04-22,"[['NP', ('Indien', 'PRP')], ['PP', ('van', 'IN')], ['NP', ('toepassing', 'NN')], ['VP', ('overlegt', 'VBZ')], ['VP', ('gedupeerde', 'VBN')], ['NP', ('onderneming', 'NN')], ['ADVP', ('desgevraagd', 'RB')], ['PP', ('gedurende', 'IN')], ['NP', ('vijf', 'CD'), ('jaar', 'NN')], ['PP', ('na', 'IN')], ['NP', ('de', 'DT'), ('verstrekking', 'NN')], ['PP', ('van', 'IN')], ['NP', ('de', 'DT'), ('tegemoetkoming', 'NN')], ['NP', ('de', 'DT'), ('volgende', 'JJ'), ('bewijsstukken', 'NNS')], ['PP', ('aan', 'IN')], ['NP', ('de', 'DT'), ('minister', 'NN')]]","{'overleggen': 'overlegt', 'geduperen': 'gedupeerde'}"
55,Artikel6,Lid2,Onderdeela,,,,aanvullende bewijsstukken waaruit blijkt dat de gedupeerde onderneming op het moment van de aanvraag van de tegemoetkoming een vestiging had die fysiek afgescheiden was van de privwoning van de eigenaar of eigenaren van de onderneming en voorzien was van een eigen opgang of toegang;,22-04-2020,jci1.3:c:BWBR0043324&artikel=6&lid=2&o=a&z=2020-04-22&g=2020-04-22,"[['VP', ('aanvullende', 'VBG')], ['NP', ('bewijsstukken', 'NNS')], ['VP', ('waaruit', 'RB'), ('blijkt', 'VBZ')], ['VP', ('gedupeerde', 'VBN')], ['NP', ('onderneming', 'NN')], ['PP', ('op', 'IN')], ['NP', ('het', 'DT'), ('moment', 'NN')], ['PP', ('van', 'IN')], ['NP', ('de', 'DT'), ('aanvraag', 'NN')], ['PP', ('van', 'IN')], ['NP', ('de', 'DT'), ('tegemoetkoming', 'NN')], ['NP', ('een', 'DT'), ('vestiging', 'NN')], ['VP', ('had', 'MD')], ['NP', ('die', 'PRP'), ('fysiek', 'NN')], ['VP', ('afgescheiden', 'VBN')], ['VP', ('was', 'MD')], ['PP', ('van', 'IN')], ['NP', ('de', 'DT'), ('privwoning', 'NN')], ['PP', ('van', 'IN')], ['NP', ('de', 'DT'), ('eigenaar', 'NN')], ['NP', ('eigenaren', 'NNS')], ['PP', ('van', 'IN')], ['NP', ('de', 'DT'), ('onderneming', 'NN')], ['VP', ('voorzien', 'VBP')], ['VP', ('was', 'MD')], ['PP', ('van', 'IN')], ['NP', ('een', 'DT'), ('eigen', 'PRP'), ('opgang', 'NN')], ['VP', ('toegang', 'VBN')]]","{'aanvullennen': 'aanvullende', 'blijken': 'blijkt', 'geduperen': 'gedupeerde', 'afscheiden': 'afgescheiden', 'voorzien': 'voorzien', 'toegangen': 'toegang'}"
56,Artikel6,Lid2,Onderdeelb,,,,"voor zover het een gedupeerde agrarische recreatieonderneming betreft: bewijsstukken waaruit blijkt waar de verklaring, bedoeld in , op gebaseerd is, zoals een kopie van de omzetgegevens uit de boekhouding of van de aangifte van de omzetbelasting over 2019 of 2020;artikel 4, tweede lid, onderdeel i",22-04-2020,jci1.3:c:BWBR0043324&artikel=6&lid=2&o=b&z=2020-04-22&g=2020-04-22,"[['PP', ('voor', 'IN')], ['ADVP', ('zover', 'RB')], ['NP', ('het', 'PRP')], ['VP', ('gedupeerde', 'VBN')], ['NP', ('agrarische', 'JJ'), ('recreatieonderneming', 'NN')], ['VP', ('betreft', 'VBZ')], ['NP', ('bewijsstukken', 'NNS')], ['VP', ('waaruit', 'RB'), ('blijkt', 'VBZ')], ['ADVP', ('waar', 'RB')], ['NP', ('de', 'DT'), ('verklaring', 'NN')], ['VP', ('bedoeld', 'VBN'), ('in', 'RP')], ['PP', ('op', 'IN')], ['VP', ('gebaseerd', 'VBN')], ['VP', ('is', 'MD')], ['NP', ('een', 'DT'), ('kopie', 'NN')], ['PP', ('van', 'IN')], ['NP', ('de', 'DT'), ('omzetgegevens', 'NNS')], ['PP', ('uit', 'IN')], ['NP', ('de', 'DT'), ('boekhouding', 'NN')], ['PP', ('van', 'IN')], ['NP', ('de', 'DT'), ('aangifte', 'NN')], ['PP', ('van', 'IN')], ['NP', ('de', 'DT'), ('omzetbelasting', 'NN')], ['PP', ('over', 'IN')], ['NP', ('tweede', 'CD'), ('lid', 'NN')], ['NP', ('onderdeel', 'NN'), ('i', 'NNP')]]","{'geduperen': 'gedupeerde', 'betreffen': 'betreft', 'blijken': 'blijkt', 'bedoelen': 'bedoeld', 'baseren': 'gebaseerd'}"
57,Artikel6,Lid2,Onderdeelc,,,,"voor zover het een gedupeerde onderneming in de toeleveringsketen betreft: bewijsstukken waaruit blijkt waar de verklaring, bedoeld in , op gebaseerd is, zoals een kopie van de omzetgegevens uit de boekhouding of van de aangifte van de omzetbelasting over 2019 of 2020;artikel 4, tweede lid, onderdeel j",22-04-2020,jci1.3:c:BWBR0043324&artikel=6&lid=2&o=c&z=2020-04-22&g=2020-04-22,"[['PP', ('voor', 'IN')], ['ADVP', ('zover', 'RB')], ['NP', ('het', 'PRP')], ['VP', ('gedupeerde', 'VBN')], ['NP', ('onderneming', 'NN')], ['PP', ('in', 'IN')], ['NP', ('de', 'DT'), ('toeleveringsketen', 'NNS')], ['VP', ('betreft', 'VBZ')], ['NP', ('bewijsstukken', 'NNS')], ['VP', ('waaruit', 'RB'), ('blijkt', 'VBZ')], ['ADVP', ('waar', 'RB')], ['NP', ('de', 'DT'), ('verklaring', 'NN')], ['VP', ('bedoeld', 'VBN'), ('in', 'RP')], ['PP', ('op', 'IN')], ['VP', ('gebaseerd', 'VBN')], ['VP', ('is', 'MD')], ['NP', ('een', 'DT'), ('kopie', 'NN')], ['PP', ('van', 'IN')], ['NP', ('de', 'DT'), ('omzetgegevens', 'NNS')], ['PP', ('uit', 'IN')], ['NP', ('de', 'DT'), ('boekhouding', 'NN')], ['PP', ('van', 'IN')], ['NP', ('de', 'DT'), ('aangifte', 'NN')], ['PP', ('van', 'IN')], ['NP', ('de', 'DT'), ('omzetbelasting', 'NN')], ['PP', ('over', 'IN')], ['NP', ('tweede', 'CD'), ('lid', 'NN')], ['NP', ('onderdeel', 'NN'), ('j', 'NN')]]","{'geduperen': 'gedupeerde', 'betreffen': 'betreft', 'blijken': 'blijkt', 'bedoelen': 'bedoeld', 'baseren': 'gebaseerd'}"
58,Artikel6,Lid2,Onderdeeld,,,,"voor zover het een gedupeerde zorgonderneming betreft: bewijsstukken waaruit blijkt waar de verklaring, bedoeld in , op gebaseerd is, zoals een kopie van de omzetgegevens uit de boekhouding of van de aangifte van de omzetbelasting over 2019 of 2020 en een kopie van de stukken uit de boekhouding van 2020 waaruit blijkt wat de hoogte is van de tegemoetkomingen die de gedupeerde zorgonderneming heeft ontvangen van de zorginkopers ter compensatie van het omzetverlies als gevolg van de maatregelen ter bestrijding van COVID-19.artikel 4, tweede lid, onderdeel k",22-04-2020,jci1.3:c:BWBR0043324&artikel=6&lid=2&o=d&z=2020-04-22&g=2020-04-22,"[['PP', ('voor', 'IN')], ['ADVP', ('zover', 'RB')], ['NP', ('het', 'PRP')], ['VP', ('gedupeerde', 'VBN')], ['NP', ('zorgonderneming', 'NN')], ['VP', ('betreft', 'VBZ')], ['NP', ('bewijsstukken', 'NNS')], ['VP', ('waaruit', 'RB'), ('blijkt', 'VBZ')], ['ADVP', ('waar', 'RB')], ['NP', ('de', 'DT'), ('verklaring', 'NN')], ['VP', ('bedoeld', 'VBN'), ('in', 'RP')], ['PP', ('op', 'IN')], ['VP', ('gebaseerd', 'VBN')], ['VP', ('is', 'MD')], ['NP', ('een', 'DT'), ('kopie', 'NN')], ['PP', ('van', 'IN')], ['NP', ('de', 'DT'), ('omzetgegevens', 'NNS')], ['PP', ('uit', 'IN')], ['NP', ('de', 'DT'), ('boekhouding', 'NN')], ['PP', ('van', 'IN')], ['NP', ('de', 'DT'), ('aangifte', 'NN')], ['PP', ('van', 'IN')], ['NP', ('de', 'DT'), ('omzetbelasting', 'NN')], ['PP', ('over', 'IN')], ['NP', ('2019', 'CD'), ('of', 'CC'), ('2020', 'CD'), ('en', 'CC'), ('een', 'DT'), ('kopie', 'NN')], ['PP', ('van', 'IN')], ['NP', ('de', 'DT'), ('stukken', 'NNS')], ['PP', ('uit', 'IN')], ['NP', ('de', 'DT'), ('boekhouding', 'NN')], ['PP', ('van', 'IN')], ['VP', ('waaruit', 'RB'), ('blijkt', 'VBZ')], ['NP', ('wat', 'PRP'), ('de', 'DT'), ('hoogte', 'NN')], ['VP', ('is', 'MD')], ['PP', ('van', 'IN')], ['NP', ('de', 'DT'), ('tegemoetkomingen', 'NNS'), ('die', 'PRP')], ['VP', ('gedupeerde', 'VBN')], ['NP', ('zorgonderneming', 'NN')], ['VP', ('heeft', 'MD'), ('ontvangen', 'VBN')], ['PP', ('van', 'IN')], ['NP', ('de', 'DT'), ('zorginkopers', 'NNS')], ['PP', ('ter', 'IN')], ['NP', ('compensatie', 'NN')], ['PP', ('van', 'IN')], ['NP', ('het', 'DT'), ('omzetverlies', 'NN'), ('als', 'PRP'), ('gevolg', 'NN')], ['PP', ('van', 'IN')], ['NP', ('de', 'DT'), ('maatregelen', 'NNS')], ['PP', ('ter', 'IN')], ['NP', ('bestrijding', 'NN')], ['PP', ('van', 'IN')], ['NP', ('tweede', 'CD'), ('lid', 'NN')], ['NP', ('onderdeel', 'NN'), ('k', 'NN')]]","{'geduperen': 'gedupeerde', 'betreffen': 'betreft', 'blijken': 'blijkt', 'bedoelen': 'bedoeld', 'baseren': 'gebaseerd', 'ontvangen': 'ontvangen'}"
59,Artikel7,,,,,,"De tegemoetkoming, bedoeld in , bevat staatssteun en wordt gerechtvaardigd door de algemene de-minimisverordening.artikel 2",31-03-2020,jci1.3:c:BWBR0043324&artikel=7&z=2020-04-22&g=2020-04-22,"[['NP', ('De', 'DT'), ('tegemoetkoming', 'NN')], ['VP', ('bedoeld', 'VBN'), ('in', 'RP')], ['VP', ('bevat', 'VBZ')], ['NP', ('staatssteun', 'NN')], ['VP', ('wordt', 'MD'), ('gerechtvaardigd', 'VBN')], ['PP', ('door', 'IN')], ['NP', ('de', 'DT'), ('algemene', 'JJ'), ('de-minimisverordening.artikel', 'NNP')]]","{'bedoelen': 'bedoeld', 'bevatten': 'bevat', 'rechtvaardigen': 'gerechtvaardigd'}"
60,Artikel8,Lid1,,,,,"Deze beleidsregel treedt in werking met ingang van de dag na de datum van uitgifte van de Staatscourant waarin zij wordt geplaatst, en werkt terug tot en met 27maart 2020.",31-03-2020,jci1.3:c:BWBR0043324&artikel=8&lid=1&z=2020-04-22&g=2020-04-22,"[['NP', ('Deze', 'PRP'), ('beleidsregel', 'NN')], ['VP', ('treedt', 'VBZ')], ['PP', ('in', 'IN')], ['NP', ('werking', 'NN')], ['PP', ('met', 'IN')], ['NP', ('ingang', 'NN')], ['PP', ('van', 'IN')], ['NP', ('de', 'DT'), ('dag', 'NN')], ['PP', ('na', 'IN')], ['NP', ('de', 'DT'), ('datum', 'NN')], ['PP', ('van', 'IN')], ['VP', ('uitgifte', 'VBN')], ['PP', ('van', 'IN')], ['NP', ('de', 'DT'), ('Staatscourant', 'NNP')], ['ADVP', ('waarin', 'RB')], ['NP', ('zij', 'PRP')], ['VP', ('wordt', 'MD'), ('geplaatst', 'VBN')], ['VP', ('werkt', 'VBZ')], ['ADVP', ('terug', 'RB')], ['PP', ('tot', 'IN')], ['PP', ('met', 'IN')]]","{'treden': 'treedt', 'uitgiffen': 'uitgifte', 'plaatsen': 'geplaatst', 'werken': 'werkt'}"
61,Artikel8,Lid2,,,,,"Deze beleidsregel vervalt met ingang van 1januari 2021, met dien verstande dat de beleidsregel van toepassing blijft op aanvragen om tegemoetkoming die uiterlijk 26juni 2020 zijn ingediend, dan wel op tegemoetkomingen die voor 1januari 2021 zijn verstrekt.",31-03-2020,jci1.3:c:BWBR0043324&artikel=8&lid=2&z=2020-04-22&g=2020-04-22,"[['NP', ('Deze', 'PRP'), ('beleidsregel', 'NN')], ['VP', ('vervalt', 'VBZ')], ['PP', ('met', 'IN')], ['NP', ('ingang', 'NN')], ['PP', ('van', 'IN')], ['PP', ('met', 'IN')], ['NP', ('dien', 'NN')], ['VP', ('verstande', 'VBG')], ['NP', ('de', 'DT'), ('beleidsregel', 'NN')], ['PP', ('van', 'IN')], ['NP', ('toepassing', 'NN')], ['VP', ('blijft', 'MD')], ['PP', ('op', 'IN')], ['NP', ('aanvragen', 'NNS')], ['PP', ('om', 'IN')], ['NP', ('tegemoetkoming', 'NN'), ('die', 'PRP'), ('uiterlijk', 'NN'), ('26juni', 'CD'), ('2020', 'CD'), ('zijn', 'PRP')], ['VP', ('ingediend', 'VBN')], ['ADVP', ('dan', 'RB'), ('wel', 'RB')], ['PP', ('op', 'IN')], ['NP', ('tegemoetkomingen', 'NNS'), ('die', 'PRP')], ['PP', ('voor', 'IN')], ['NP', ('1januari', 'CD'), ('2021', 'CD'), ('zijn', 'PRP$')], ['ADJP', ('verstrekt', 'JJ')]]","{'vervallen': 'vervalt', 'verstannen': 'verstande', 'indienen': 'ingediend'}"
62,Artikel9,,,,,,Deze beleidsregel wordt aangehaald als: Beleidsregel tegemoetkoming ondernemers getroffen sectoren COVID-19.,31-03-2020,jci1.3:c:BWBR0043324&artikel=9&z=2020-04-22&g=2020-04-22,"[['NP', ('Deze', 'PRP'), ('beleidsregel', 'NN')], ['VP', ('wordt', 'MD'), ('aangehaald', 'VBN')], ['NP', ('Beleidsregel', 'NNP'), ('tegemoetkoming', 'NN'), ('ondernemers', 'NNS')], ['VP', ('getroffen', 'VBN')], ['NP', ('sectoren', 'NNS')]]","{'aanhalen': 'aangehaald', 'treffen': 'getroffen'}"
